{
  "accuracy": 79.9,
  "n_exemplos": 1242,
  "n_regras": 102,
  "n_features": 58,
  "classes": [
    "emergencia_112",
    "urgencia_hospitalar",
    "consulta_medica",
    "contacto_sns24",
    "linha_saude_mental",
    "autocuidados_vigilancia",
    "autocuidados"
  ],
  "distribuicao": {
    "urgencia_hospitalar": 322,
    "emergencia_112": 240,
    "consulta_medica": 170,
    "autocuidados": 150,
    "contacto_sns24": 145,
    "autocuidados_vigilancia": 135,
    "linha_saude_mental": 80
  },
  "report": {
    "autocuidados": {
      "precision": 0.75,
      "recall": 0.6,
      "f1-score": 0.6666666666666666,
      "support": 30.0
    },
    "autocuidados_vigilancia": {
      "precision": 0.88,
      "recall": 0.8148148148148148,
      "f1-score": 0.8461538461538461,
      "support": 27.0
    },
    "consulta_medica": {
      "precision": 0.8214285714285714,
      "recall": 0.6764705882352942,
      "f1-score": 0.7419354838709677,
      "support": 34.0
    },
    "contacto_sns24": {
      "precision": 0.6904761904761905,
      "recall": 1.0,
      "f1-score": 0.8169014084507042,
      "support": 29.0
    },
    "emergencia_112": {
      "precision": 0.9545454545454546,
      "recall": 0.875,
      "f1-score": 0.9130434782608695,
      "support": 48.0
    },
    "linha_saude_mental": {
      "precision": 0.8421052631578947,
      "recall": 1.0,
      "f1-score": 0.9142857142857143,
      "support": 16.0
    },
    "urgencia_hospitalar": {
      "precision": 0.7313432835820896,
      "recall": 0.7538461538461538,
      "f1-score": 0.7424242424242424,
      "support": 65.0
    },
    "accuracy": 0.7991967871485943,
    "macro avg": {
      "precision": 0.8099855375986001,
      "recall": 0.8171616509851803,
      "f1-score": 0.8059158343018586,
      "support": 249.0
    },
    "weighted avg": {
      "precision": 0.8073958249555216,
      "recall": 0.7991967871485943,
      "f1-score": 0.7970856838775344,
      "support": 249.0
    }
  },
  "features": [
    "emergencia",
    "doencas_cronicas",
    "imunossuprimido",
    "sintomas_respiratorios",
    "dormir_sentado",
    "tosse_sangue",
    "pieira",
    "inalador_sem_melhoria",
    "pieira_intensa",
    "tosse_cronica",
    "expectoracao_purulenta",
    "estridor",
    "olfato_paladar",
    "sintomas_gripais",
    "saturacao_baixa",
    "cianose",
    "inchaco_face_labios",
    "febre",
    "febre_nao_cede",
    "febre_3_dias",
    "gastricos_prolongados",
    "sinais_desidratacao",
    "nauseas",
    "vomitos_sangue",
    "fezes_escuras",
    "dor_abdominal_intensa",
    "dor_abdominal_localizada",
    "ictericia",
    "problema_garganta",
    "dor_garganta_intensa",
    "garganta_exsudados",
    "infecao_urinaria",
    "infecao_urinaria_febre",
    "crianca_febril",
    "mordedura_animal",
    "dor_dental_intensa",
    "dor_peito_irradiada",
    "dor_peito_repouso",
    "palpitacoes_graves",
    "edema_membros",
    "assimetria_facial_fala",
    "fraqueza_unilateral",
    "cefaleia_subita",
    "confusao_mental",
    "rigidez_nuca",
    "erupcao_purpura",
    "traumatismo_craniano",
    "dor_costas_irradiada",
    "urina_sangue",
    "dor_flanco",
    "dor_articular",
    "artrite_aguda",
    "olho_vermelho_dor",
    "gravidez",
    "gravidez_sangramento",
    "gravidez_dor",
    "hipoglicemia",
    "ansiedade_extrema"
  ],
  "importancias": {
    "emergencia": 0.1194,
    "doencas_cronicas": 0.0817,
    "imunossuprimido": 0.0002,
    "sintomas_respiratorios": 0.0474,
    "dormir_sentado": 0.016,
    "tosse_sangue": 0.0039,
    "pieira": 0.0155,
    "inalador_sem_melhoria": 0.0071,
    "pieira_intensa": 0.0022,
    "tosse_cronica": 0.0103,
    "expectoracao_purulenta": 0.0159,
    "estridor": 0.0,
    "olfato_paladar": 0.0336,
    "sintomas_gripais": 0.0334,
    "saturacao_baixa": 0.0156,
    "cianose": 0.0327,
    "inchaco_face_labios": 0.0033,
    "febre": 0.0708,
    "febre_nao_cede": 0.053,
    "febre_3_dias": 0.0428,
    "gastricos_prolongados": 0.0132,
    "sinais_desidratacao": 0.0002,
    "nauseas": 0.0012,
    "vomitos_sangue": 0.022,
    "fezes_escuras": 0.0,
    "dor_abdominal_intensa": 0.0004,
    "dor_abdominal_localizada": 0.0109,
    "ictericia": 0.0091,
    "problema_garganta": 0.0013,
    "dor_garganta_intensa": 0.0,
    "garganta_exsudados": 0.0173,
    "infecao_urinaria": 0.036,
    "infecao_urinaria_febre": 0.026,
    "crianca_febril": 0.036,
    "mordedura_animal": 0.0002,
    "dor_dental_intensa": 0.0003,
    "dor_peito_irradiada": 0.0125,
    "dor_peito_repouso": 0.0066,
    "palpitacoes_graves": 0.0005,
    "edema_membros": 0.0007,
    "assimetria_facial_fala": 0.0166,
    "fraqueza_unilateral": 0.0049,
    "cefaleia_subita": 0.0197,
    "confusao_mental": 0.0227,
    "rigidez_nuca": 0.0005,
    "erupcao_purpura": 0.0173,
    "traumatismo_craniano": 0.0001,
    "dor_costas_irradiada": 0.0005,
    "urina_sangue": 0.002,
    "dor_flanco": 0.0052,
    "dor_articular": 0.0156,
    "artrite_aguda": 0.0005,
    "olho_vermelho_dor": 0.0062,
    "gravidez": 0.0008,
    "gravidez_sangramento": 0.0,
    "gravidez_dor": 0.0088,
    "hipoglicemia": 0.0248,
    "ansiedade_extrema": 0.0547
  },
  "tree_depth": 20,
  "tree_leaves": 112
}